{
    "matrix-multiplication": {
        "x": [10, 30, 50, 100, 300],
        "p-secureml": [0.00102, 0.00123, 0.00140, 0.00249, 0.01590],
        "mpspdz-semi2k": [0.06199, 0.59080, 1.86321, 10.53680, 204.02900],
        "p-falcon": [0.00058, 0.00076, 0.00079, 0.00144, 0.00756],
        "mpspdz-repring": [0.00564, 0.03403, 0.06405, 0.24494, 2.06470],
        "p-fantasticfour": [0.00154, 0.00171, 0.00211, 0.00373, 0.02506],
        "mpspdz-rep4ring": [0.00926, 0.03163, 0.07870, 0.29233, 3.02296]
    },
    "convolution": {
        "x": [14745600, 57600000, 270950400, 552960000, 1858560000],
        "p-secureml": [0.00275, 0.00293, 0.00504, 0.00884, 0.13110],
        "mpspdz-semi2k": [5.30150, 7.77250, 38.65060, 99.89350, 2678.39000],
        "p-falcon": [0.00320, 0.00216, 0.00467, 0.00955, 0.21543],
        "mpspdz-repring": [0.22268, 0.13836, 0.69206, 2.62669, 67.48080],
        "p-fantasticfour": [0.00699, 0.00558, 0.01346, 0.03139, 0.67054],
        "mpspdz-rep4ring": [0.26578, 0.19785, 0.93618, 3.10500, 83.00660]
    },
    "relu": {
        "x": [10, 100, 1000, 10000, 100000],
        "p-secureml": [0.00820, 0.00887, 0.01015, 0.02553, 0.15232],
        "mpspdz-semi2k": [0.04481, 0.23388, 2.27680, 21.14160, 210.43400],
        "p-falcon": [0.00423, 0.00441, 0.00561, 0.01537, 0.09275],
        "mpspdz-repring": [0.01471, 0.09728, 0.82646, 7.88679, 83.92220],
        "p-fantasticfour": [0.01488, 0.01499, 0.01757, 0.04620, 0.32444],
        "mpspdz-rep4ring": [0.01931, 0.09885, 1.02850, 9.29268, 97.35340]
    }
}

