{
    "x": [10, 12, 14, 16, 18, 20, 22, 24, 26],
    "secureml": [0.101062, 0.095753, 0.100962, 0.962139, 0.970653, 0.971454, 0.971554, 0.970853, 0.9656],
    "lenet": [0.100962, 0.095753, 0.095753, 0.947316, 0.969551, 0.977163, 0.980769, 0.98107, 0.971],
    "alexnet": [0.10016, 0.10006, 0.10006, 0.10006, 0.10006, 0.10016, 0.380909, 0.386018, 0.4071],
    "vgg16": [0.09986, 0.10006, 0.09996, 0.09986, 0.09986, 0.10006, 0.35707, 0.58734, 0.5426]
}
